no,file,start_sec,start_tc,duration_sec,text
1,s1-hook-01,0.000,00:00.000,6.967,"8월 19일이었어요. 모더나가 하루 만에 177% 올랐습니다. 하루 만에요."
2,s2-spread-01,7.467,00:07.467,7.400,"다음 날엔 우리나라도 들썩였죠. 소마젠이 상한가 갔고, mRNA 붙은 종목들이 같이 움직였어요."
3,s2-spread-02,15.133,00:15.133,6.467,"근데 여기서 질문이 하나 생깁니다. 같은 이름표로 묶였다고, 다 같은 얘기일까요?"
4,s3-trial-01,22.100,00:22.100,7.367,"발단은 모더나랑 머크가 같이 만든 mRNA 암 백신이에요. 임상 3상에 성공했다는 소식이었죠."
5,s3-trial-02,29.733,00:29.733,7.800,"방식이 좀 특이한데요. 환자 종양을 먼저 분석해서, 그 사람 암세포의 특징만 면역체계에 알려주는 거예요."
6,s3-trial-03,37.767,00:37.767,8.567,"고위험 피부암 환자 1,137명한테 키트루다랑 같이 투여했고요. 재발이랑 전이를 늦추는 목표를 둘 다 달성했어요."
7,s4-caveat-01,46.833,00:46.833,5.400,"다만 위험이 몇 퍼센트나 줄었는지, 생존기간이 늘었는지는 아직 안 나왔어요."
8,s4-caveat-02,52.500,00:52.500,4.100,"중요한 진전인 건 맞는데, 허가가 난 건 아니라는 거죠."
9,s5-why-01,57.100,00:57.100,7.133,"근데 왜 177%나 올랐을까요. 모더나가 코로나 이후로 성장 엔진이 비어 있었거든요."
10,s5-why-02,64.500,01:04.500,5.033,"2분기만 봐도 매출은 1억 달러인데, 순손실이 8억 달러였어요."
11,s5-why-03,69.800,01:09.800,12.500,"시장이 궁금했던 건 하나였어요. mRNA가 코로나 백신 말고도 사업이 되느냐. 이번 결과가 거기에 답을 준 겁니다. 제품 하나가 아니라 플랫폼 전체가 열린 거죠."
12,s6-distance-01,82.800,01:22.800,4.100,"그래서 같은 관련주로 묶인 세 곳을 비교해 봤습니다."
13,s6-distance-02,87.133,01:27.133,8.167,"소마젠은 과거 모더나에 유전체 분석 서비스를 공급했습니다. 이번 암 백신 계약은 공시된 적이 없습니다."
14,s6-distance-03,95.567,01:35.567,6.733,"삼양바이오팜은 자체 mRNA 암 백신을 개발 중인데, 아직 사람 대상 임상에 들어가기 전입니다."
15,s6-distance-04,102.533,01:42.533,8.333,"삼성바이오로직스는 모더나의 코로나 백신 완제를 생산한 적이 있습니다. 이번 암 백신 생산은 공시된 바 없습니다."
16,s8-alphalenz-01,111.367,01:51.367,4.233,"모더나 뉴스 다음 날, 세 회사 주가는 모두 올랐습니다."
17,s8-alphalenz-02,115.867,01:55.867,4.800,"하지만 이번 암 백신 계약으로 이어진 곳은 한 곳도 없었습니다."
18,s8-alphalenz-03,120.900,02:00.900,5.400,"계약 이력과 개발 단계, 매출 구성은 뉴스가 아니라 공시에 적혀 있습니다."
19,s8-alphalenz-04,126.567,02:06.567,4.200,"알파렌즈는 그 공시와 재무를 뉴스와 나란히 보여줍니다."
20,s9-close-01,131.267,02:11.267,7.700,"소마젠, 삼양바이오팜, 삼성바이오로직스. 같은 이름표였지만 연결은 제각각이었습니다."
21,s9-close-02,139.200,02:19.200,4.867,"모더나가 오르면 함께 움직이는 기업, 알파렌즈에서 확인하세요."
